{
    "name": "Visual Studio Code Nord Theme",
    "type": "dark",
    "tokenColors": [
        {
            "settings": {
                "background": "#313744",
                "foreground": "#ffffff"
            }
        },
        {
            "name": "Comment",
            "scope": [
                "comment",
                "punctuation.definition.comment",
                "string.quoted.docstring"
            ],
            "settings": {
                "fontStyle": "italic",
                "foreground": "#676E95"
            }
        },
        {
            "name": "Variables",
            "scope": [
                "variable",
                "string constant.other.placeholder"
            ],
            "settings": {
                "foreground": "#A6ACCD"
            }
        },
        {
            "name": "PHP Constants",
            "scope": [
                "constant.other.php"
            ],
            "settings": {
                "foreground": "#FFCB6B"
            }
        },
        {
            "name": "Colors",
            "scope": [
                "constant.other.color"
            ],
            "settings": {
                "foreground": "#ffffff"
            }
        },
        {
            "name": "Invalid",
            "scope": [
                "invalid",
                "invalid.illegal"
            ],
            "settings": {
                "foreground": "#FF5370"
            }
        },
        {
            "name": "Invalid deprecated",
            "scope": [
                "invalid.deprecated"
            ],
            "settings": {
                "foreground": "#C792EA"
            }
        },
        {
            "name": "Keyword, Storage",
            "scope": [
                "keyword",
                "storage.type",
                "storage.modifier"
            ],
            "settings": {
                "foreground": "#C792EA"
            }
        },
        {
            "name": "Keyword, Storage",
            "scope": [
                "Keyword",
                "Storage"
            ],
            "settings": {
                "fontStyle": "italic"
            }
        },
        {
            "name": "Operator, Misc",
            "scope": [
                "keyword.control",
                "constant.other.color",
                "punctuation.definition.tag",
                "punctuation",
                "punctuation.separator.inheritance.php",
                "punctuation.definition.tag.html",
                "punctuation.definition.tag.begin.html",
                "punctuation.definition.tag.end.html",
                "punctuation.section.embedded",
                "keyword.other.template",
                "keyword.other.substitution"
            ],
            "settings": {
                "foreground": "#89DDFF"
            }
        },
        {
            "name": "Keyword Control",
            "scope": [
                "keyword.control"
            ],
            "settings": {
                "fontStyle": "italic"
            }
        },
        {
            "name": "Tag",
            "scope": [
                "entity.name.tag",
                "meta.tag.sgml",
                "markup.deleted.git_gutter"
            ],
            "settings": {
                "foreground": "#f07178"
            }
        },
        {
            "name": "Function, Special Method",
            "scope": [
                "entity.name.function",
                "variable.function",
                "support.function",
                "keyword.other.special-method"
            ],
            "settings": {
                "foreground": "#82AAFF"
            }
        },
        {
            "name": "C-related Block Level Variables",
            "scope": [
                "source.cpp meta.block variable.other"
            ],
            "settings": {
                "foreground": "#f07178"
            }
        },
        {
            "name": "Variables constant",
            "scope": [
                "variable.other.constant"
            ],
            "settings": {
                "foreground": "#f07178"
            }
        },
        {
            "name": "Other Variable, String Link",
            "scope": [
                "support.other.variable",
                "string.other.link"
            ],
            "settings": {
                "foreground": "#f07178"
            }
        },
        {
            "name": "Number, Constant, Function Argument, Tag Attribute, Embedded",
            "scope": [
                "constant.numeric",
                "constant.language",
                "support.constant",
                "constant.character",
                "constant.escape",
                "keyword.other.unit",
                "keyword.other"
            ],
            "settings": {
                "foreground": "#F78C6C"
            }
        },
        {
            "name": "Number, Constant, Function Argument, Tag Attribute, Embedded",
            "scope": [
                "variable.parameter.function.language.special",
                "variable.parameter"
            ],
            "settings": {
                "foreground": "#FF5370"
            }
        },
        {
            "name": "String, Symbols, Inherited Class, Markup Heading",
            "scope": [
                "string",
                "constant.other.symbol",
                "constant.other.key",
                "entity.other.inherited-class",
                "markup.heading",
                "markup.inserted.git_gutter",
                "meta.group.braces.curly constant.other.object.key.js string.unquoted.label.js"
            ],
            "settings": {
                "fontStyle": "normal",
                "foreground": "#C3E88D"
            }
        },
        {
            "name": "Class, Support",
            "scope": [
                "entity.name",
                "support.type",
                "support.class",
                "support.orther.namespace.use.php",
                "meta.use.php",
                "support.other.namespace.php",
                "markup.changed.git_gutter",
                "support.type.sys-types"
            ],
            "settings": {
                "foreground": "#FFCB6B"
            }
        },
        {
            "name": "Entity Types",
            "scope": [
                "support.type"
            ],
            "settings": {
                "foreground": "#B2CCD6"
            }
        },
        {
            "name": "CSS Class and Support",
            "scope": [
                "source.css support.type.property-name",
                "source.sass support.type.property-name",
                "source.scss support.type.property-name",
                "source.less support.type.property-name",
                "source.stylus support.type.property-name",
                "source.postcss support.type.property-name"
            ],
            "settings": {
                "foreground": "#B2CCD6"
            }
        },
        {
            "name": "Sub-methods",
            "scope": [
                "entity.name.module.js",
                "variable.import.parameter.js",
                "variable.other.class.js"
            ],
            "settings": {
                "foreground": "#FF5370"
            }
        },
        {
            "name": "Language methods",
            "scope": [
                "variable.language"
            ],
            "settings": {
                "fontStyle": "italic",
                "foreground": "#FF5370"
            }
        },
        {
            "name": "entity.name.method.js",
            "scope": [
                "entity.name.method.js"
            ],
            "settings": {
                "fontStyle": "italic",
                "foreground": "#82AAFF"
            }
        },
        {
            "name": "meta.method.js",
            "scope": [
                "meta.class-method.js entity.name.function.js",
                "variable.function.constructor"
            ],
            "settings": {
                "foreground": "#82AAFF"
            }
        },
        {
            "name": "Attributes",
            "scope": [
                "entity.other.attribute-name"
            ],
            "settings": {
                "fontStyle": "italic",
                "foreground": "#C792EA"
            }
        },
        {
            "name": "CSS Classes",
            "scope": [
                "entity.other.attribute-name.class"
            ],
            "settings": {
                "foreground": "#FFCB6B"
            }
        },
        {
            "name": "CSS ID's",
            "scope": [
                "source.sass keyword.control"
            ],
            "settings": {
                "foreground": "#82AAFF"
            }
        },
        {
            "name": "Inserted",
            "scope": [
                "markup.inserted"
            ],
            "settings": {
                "foreground": "#C3E88D"
            }
        },
        {
            "name": "Deleted",
            "scope": [
                "markup.deleted"
            ],
            "settings": {
                "foreground": "#FF5370"
            }
        },
        {
            "name": "Changed",
            "scope": [
                "markup.changed"
            ],
            "settings": {
                "foreground": "#C792EA"
            }
        },
        {
            "name": "Regular Expressions",
            "scope": [
                "string.regexp"
            ],
            "settings": {
                "foreground": "#89DDFF"
            }
        },
        {
            "name": "Escape Characters",
            "scope": [
                "constant.character.escape"
            ],
            "settings": {
                "foreground": "#89DDFF"
            }
        },
        {
            "name": "URL",
            "scope": [
                "*url*",
                "*link*",
                "*uri*"
            ],
            "settings": {
                "fontStyle": "underline"
            }
        },
        {
            "name": "Decorators",
            "scope": [
                "tag.decorator.js entity.name.tag.js",
                "tag.decorator.js punctuation.definition.tag.js"
            ],
            "settings": {
                "fontStyle": "italic",
                "foreground": "#82AAFF"
            }
        },
        {
            "name": "ES7 Bind Operator",
            "scope": [
                "source.js constant.other.object.key.js string.unquoted.label.js"
            ],
            "settings": {
                "fontStyle": "italic",
                "foreground": "#FF5370"
            }
        },
        {
            "name": "JSON Key - Level 0",
            "scope": [
                "source.json meta.structure.dictionary.json support.type.property-name.json"
            ],
            "settings": {
                "foreground": "#C792EA"
            }
        },
        {
            "name": "JSON Key - Level 1",
            "scope": [
                "source.json meta.structure.dictionary.json meta.structure.dictionary.value.json meta.structure.dictionary.json support.type.property-name.json"
            ],
            "settings": {
                "foreground": "#FFCB6B"
            }
        },
        {
            "name": "JSON Key - Level 2",
            "scope": [
                "source.json meta.structure.dictionary.json meta.structure.dictionary.value.json meta.structure.dictionary.json meta.structure.dictionary.value.json meta.structure.dictionary.json support.type.property-name.json"
            ],
            "settings": {
                "foreground": "#F78C6C"
            }
        },
        {
            "name": "JSON Key - Level 3",
            "scope": [
                "source.json meta.structure.dictionary.json meta.structure.dictionary.value.json meta.structure.dictionary.json meta.structure.dictionary.value.json meta.structure.dictionary.json meta.structure.dictionary.value.json meta.structure.dictionary.json support.type.property-name.json"
            ],
            "settings": {
                "foreground": "#FF5370"
            }
        },
        {
            "name": "JSON Key - Level 4",
            "scope": [
                "source.json meta.structure.dictionary.json meta.structure.dictionary.value.json meta.structure.dictionary.json meta.structure.dictionary.value.json meta.structure.dictionary.json meta.structure.dictionary.value.json meta.structure.dictionary.json meta.structure.dictionary.value.json meta.structure.dictionary.json support.type.property-name.json"
            ],
            "settings": {
                "foreground": "#C17E70"
            }
        },
        {
            "name": "JSON Key - Level 5",
            "scope": [
                "source.json meta.structure.dictionary.json meta.structure.dictionary.value.json meta.structure.dictionary.json meta.structure.dictionary.value.json meta.structure.dictionary.json meta.structure.dictionary.value.json meta.structure.dictionary.json meta.structure.dictionary.value.json meta.structure.dictionary.json meta.structure.dictionary.value.json meta.structure.dictionary.json support.type.property-name.json"
            ],
            "settings": {
                "foreground": "#82AAFF"
            }
        },
        {
            "name": "JSON Key - Level 6",
            "scope": [
                "source.json meta.structure.dictionary.json meta.structure.dictionary.value.json meta.structure.dictionary.json meta.structure.dictionary.value.json meta.structure.dictionary.json meta.structure.dictionary.value.json meta.structure.dictionary.json meta.structure.dictionary.value.json meta.structure.dictionary.json meta.structure.dictionary.value.json meta.structure.dictionary.json meta.structure.dictionary.value.json meta.structure.dictionary.json support.type.property-name.json"
            ],
            "settings": {
                "foreground": "#f07178"
            }
        },
        {
            "name": "JSON Key - Level 7",
            "scope": [
                "source.json meta.structure.dictionary.json meta.structure.dictionary.value.json meta.structure.dictionary.json meta.structure.dictionary.value.json meta.structure.dictionary.json meta.structure.dictionary.value.json meta.structure.dictionary.json meta.structure.dictionary.value.json meta.structure.dictionary.json meta.structure.dictionary.value.json meta.structure.dictionary.json meta.structure.dictionary.value.json meta.structure.dictionary.json meta.structure.dictionary.value.json meta.structure.dictionary.json support.type.property-name.json"
            ],
            "settings": {
                "foreground": "#C792EA"
            }
        },
        {
            "name": "JSON Key - Level 8",
            "scope": [
                "source.json meta.structure.dictionary.json meta.structure.dictionary.value.json meta.structure.dictionary.json meta.structure.dictionary.value.json meta.structure.dictionary.json meta.structure.dictionary.value.json meta.structure.dictionary.json meta.structure.dictionary.value.json meta.structure.dictionary.json meta.structure.dictionary.value.json meta.structure.dictionary.json meta.structure.dictionary.value.json meta.structure.dictionary.json meta.structure.dictionary.value.json meta.structure.dictionary.json meta.structure.dictionary.value.json meta.structure.dictionary.json support.type.property-name.json"
            ],
            "settings": {
                "foreground": "#C3E88D"
            }
        },
        {
            "name": "Markdown - Plain",
            "scope": [
                "text.html.markdown",
                "punctuation.definition.list_item.markdown"
            ],
            "settings": {
                "foreground": "#A6ACCD"
            }
        },
        {
            "name": "Markdown - Markup Raw Inline",
            "scope": [
                "text.html.markdown markup.inline.raw.markdown"
            ],
            "settings": {
                "foreground": "#C792EA"
            }
        },
        {
            "name": "Markdown - Markup Raw Inline Punctuation",
            "scope": [
                "text.html.markdown markup.inline.raw.markdown punctuation.definition.raw.markdown"
            ],
            "settings": {
                "foreground": "#4E5579"
            }
        },
        {
            "name": "Markdown - Line Break",
            "scope": [
                "text.html.markdown meta.dummy.line-break"
            ],
            "settings": {
                "foreground": ""
            }
        },
        {
            "name": "Markdown - Heading",
            "scope": [
                "markdown.heading",
                "markup.heading | markup.heading entity.name",
                "markup.heading.markdown punctuation.definition.heading.markdown"
            ],
            "settings": {
                "foreground": "#C3E88D"
            }
        },
        {
            "name": "Markup - Italic",
            "scope": [
                "markup.italic"
            ],
            "settings": {
                "fontStyle": "italic",
                "foreground": "#f07178"
            }
        },
        {
            "name": "Markup - Bold",
            "scope": [
                "markup.bold",
                "markup.bold string"
            ],
            "settings": {
                "fontStyle": "bold",
                "foreground": "#f07178"
            }
        },
        {
            "name": "Markup - Bold-Italic",
            "scope": [
                "markup.bold markup.italic",
                "markup.italic markup.bold",
                "markup.quote markup.bold",
                "markup.bold markup.italic string",
                "markup.italic markup.bold string",
                "markup.quote markup.bold string"
            ],
            "settings": {
                "fontStyle": "bold",
                "foreground": "#f07178"
            }
        },
        {
            "name": "Markup - Underline",
            "scope": [
                "markup.underline"
            ],
            "settings": {
                "fontStyle": "underline",
                "foreground": "#F78C6C"
            }
        },
        {
            "name": "Markup - Strike",
            "scope": [
                "markup.strike"
            ],
            "settings": {
                "fontStyle": "strike",
                "foreground": ""
            }
        },
        {
            "name": "Markdown - Blockquote",
            "scope": [
                "markup.quote punctuation.definition.blockquote.markdown"
            ],
            "settings": {
                "foreground": "#4E5579"
            }
        },
        {
            "name": "Markup - Quote",
            "scope": [
                "markup.quote"
            ],
            "settings": {
                "fontStyle": "italic",
                "foreground": ""
            }
        },
        {
            "name": "Markdown - Link",
            "scope": [
                "string.other.link.title.markdown"
            ],
            "settings": {
                "foreground": "#82AAFF"
            }
        },
        {
            "name": "Markdown - Link Description",
            "scope": [
                "string.other.link.description.title.markdown"
            ],
            "settings": {
                "foreground": "#C792EA"
            }
        },
        {
            "name": "Markdown - Link Anchor",
            "scope": [
                "constant.other.reference.link.markdown"
            ],
            "settings": {
                "foreground": "#FFCB6B"
            }
        },
        {
            "name": "Markup - Raw Block",
            "scope": [
                "markup.raw.block"
            ],
            "settings": {
                "foreground": "#C792EA"
            }
        },
        {
            "name": "Markdown - Fenced Bode Block Variable",
            "scope": [
                "markup.fenced_code.block.markdown",
                "markup.inline.raw.string.markdown"
            ],
            "settings": {
                "foreground": "#A6ACCD90"
            }
        },
        {
            "name": "Markdown - Fenced Language",
            "scope": [
                "variable.language.fenced.markdown"
            ],
            "settings": {
                "foreground": "#4E5579"
            }
        },
        {
            "name": "Markdown - Separator",
            "scope": [
                "meta.separator"
            ],
            "settings": {
                "fontStyle": "bold",
                "foreground": "#4E5579"
            }
        },
        {
            "name": "Markup - Table",
            "scope": [
                "markup.table"
            ],
            "settings": {
                "foreground": "#A6ACCD"
            }
        }
    ],
    "colors": {
        "focusBorder": "#FFFFFF00",
        "editorCursor.foreground": "#FFCC00",
        "editorRuler.foreground": "#4E5579",
        "scrollbar.shadow": "#31374400",
        "editorLink.activeForeground": "#A6ACCD",
        "selection.background": "#80CBC4",
        "progressBar.background": "#80CBC4",
        "textLink.foreground": "#80CBC4",
        "textLink.activeForeground": "#A6ACCD",
        "widget.shadow": "#00000030",
        "button.background": "#717CB450",
        "debugToolBar.background": "#313744",
        "pickerGroup.foreground": "#80CBC4",
        "inputOption.activeBackground": "#A6ACCD30",
        "inputOption.activeBorder": "#A6ACCD30",
        "editorLineNumber.foreground": "#3A3F58",
        "editorLineNumber.activeForeground": "#757CA1",
        "editorBracketMatch.border": "#FFCC0050",
        "editorBracketMatch.background": "#313744",
        "editorWhitespace.foreground": "#A6ACCD40",
        "editorOverviewRuler.findMatchForeground": "#80CBC4",
        "editorOverviewRuler.border": "#313744",
        "editorOverviewRuler.errorForeground": "#FF537040",
        "editorOverviewRuler.infoForeground": "#82AAFF40",
        "editorOverviewRuler.warningForeground": "#FFCB6B40",
        "editorInfo.foreground": "#82AAFF70",
        "editorWarning.foreground": "#FFCB6B70",
        "editorError.foreground": "#FF537070",
        "editorHoverWidget.background": "#313744",
        "editorHoverWidget.border": "#FFFFFF10",
        "editorIndentGuide.background": "#4E557970",
        "editorIndentGuide.activeBackground": "#4E5579",
        "editorGroupHeader.tabsBackground": "#313744",
        "editorGroup.border": "#00000030",
        "editorGutter.modifiedBackground": "#82AAFF60",
        "editorGutter.addedBackground": "#C3E88D60",
        "editorGutter.deletedBackground": "#FF537060",
        "editor.background": "#313744",
        "editor.foreground": "#A6ACCD",
        "editor.lineHighlightBackground": "#00000050",
        "editor.selectionBackground": "#717CB450",
        "editor.selectionHighlightBackground": "#FFCC0020",
        "editor.findMatchBackground": "#000000",
        "editor.findMatchHighlightBackground": "#00000050",
        "editor.findMatchBorder": "#80CBC4",
        "editor.findMatchHighlightBorder": "#ffffff50",
        "tab.activeBorder": "#80CBC4",
        "tab.activeModifiedBorder": "#757CA1",
        "tab.unfocusedActiveBorder": "#676E95",
        "tab.activeForeground": "#FFFFFF",
        "tab.inactiveForeground": "#757CA1",
        "tab.inactiveBackground": "#313744",
        "tab.unfocusedActiveForeground": "#A6ACCD",
        "tab.border": "#313744",
        "statusBar.noFolderBackground": "#313744",
        "statusBar.border": "#00000060",
        "statusBar.background": "#2B303B",
        "statusBar.foreground": "#676E95",
        "statusBar.debuggingBackground": "#C792EA",
        "statusBar.debuggingForeground": "#ffffff",
        "statusBarItem.hoverBackground": "#676E9520",
        "statusBarItem.remoteForeground": "#000000",
        "statusBarItem.remoteBackground": "#80CBC4",
        "activityBar.background": "#2B303B",
        "activityBar.border": "#00000060",
        "activityBar.foreground": "#A6ACCD",
        "activityBarBadge.background": "#80CBC4",
        "activityBarBadge.foreground": "#000000",
        "titleBar.activeBackground": "#2B303B",
        "titleBar.activeForeground": "#A6ACCD",
        "titleBar.inactiveBackground": "#2B303B",
        "titleBar.inactiveForeground": "#757CA1",
        "titleBar.border": "#00000060",
        "sideBar.background": "#2B303B",
        "sideBar.foreground": "#757CA1",
        "sideBar.border": "#00000060",
        "sideBarTitle.foreground": "#A6ACCD",
        "sideBarSectionHeader.background": "#2B303B",
        "sideBarSectionHeader.border": "#00000060",
        "input.background": "#333747",
        "input.foreground": "#EEFFFF",
        "input.placeholderForeground": "#A6ACCD60",
        "input.border": "#FFFFFF10",
        "inputValidation.errorBorder": "#FF537050",
        "inputValidation.infoBorder": "#82AAFF50",
        "inputValidation.warningBorder": "#FFCB6B50",
        "dropdown.background": "#313744",
        "dropdown.border": "#FFFFFF10",
        "list.hoverForeground": "#FFFFFF",
        "list.hoverBackground": "#2B303B",
        "list.activeSelectionBackground": "#2B303B",
        "list.activeSelectionForeground": "#80CBC4",
        "list.inactiveSelectionForeground": "#80CBC4",
        "list.inactiveSelectionBackground": "#00000030",
        "list.focusBackground": "#A6ACCD20",
        "list.focusForeground": "#A6ACCD",
        "list.highlightForeground": "#80CBC4",
        "terminal.ansiWhite": "#ffffff",
        "terminal.ansiBlack": "#000000",
        "terminal.ansiBlue": "#82AAFF",
        "terminal.ansiCyan": "#89DDFF",
        "terminal.ansiGreen": "#C3E88D",
        "terminal.ansiMagenta": "#C792EA",
        "terminal.ansiRed": "#FF5370",
        "terminal.ansiYellow": "#FFCB6B",
        "terminal.ansiBrightWhite": "#ffffff",
        "terminal.ansiBrightBlack": "#676E95",
        "terminal.ansiBrightBlue": "#82AAFF",
        "terminal.ansiBrightCyan": "#89DDFF",
        "terminal.ansiBrightGreen": "#C3E88D",
        "terminal.ansiBrightMagenta": "#C792EA",
        "terminal.ansiBrightRed": "#FF5370",
        "terminal.ansiBrightYellow": "#FFCB6B",
        "terminalCursor.foreground": "#FFCB6B",
        "terminalCursor.background": "#000000",
        "scrollbarSlider.background": "#A6ACCD20",
        "scrollbarSlider.hoverBackground": "#A6ACCD10",
        "scrollbarSlider.activeBackground": "#80CBC4",
        "editorSuggestWidget.background": "#313744",
        "editorSuggestWidget.foreground": "#A6ACCD",
        "editorSuggestWidget.highlightForeground": "#80CBC4",
        "editorSuggestWidget.selectedBackground": "#00000050",
        "editorSuggestWidget.border": "#FFFFFF10",
        "editorWidget.background": "#2B303B",
        "editorWidget.resizeBorder": "#80CBC4",
        "editorWidget.border": "",
        "editorMarkerNavigation.background": "#A6ACCD05",
        "panel.border": "#00000060",
        "panel.background": "#2B303B",
        "panel.dropBackground": "#A6ACCD",
        "panelTitle.inactiveForeground": "#A6ACCD",
        "panelTitle.activeForeground": "#FFFFFF",
        "panelTitle.activeBorder": "#80CBC4",
        "diffEditor.insertedTextBackground": "#C3E88D15",
        "diffEditor.removedTextBackground": "#FF537020",
        "notifications.background": "#313744",
        "notifications.foreground": "#A6ACCD",
        "notificationLink.foreground": "#80CBC4",
        "badge.background": "#00000030",
        "badge.foreground": "#676E95",
        "extensionButton.prominentBackground": "#C3E88D90",
        "extensionButton.prominentHoverBackground": "#C3E88D",
        "peekView.border": "#00000030",
        "peekViewEditor.background": "#A6ACCD05",
        "peekViewTitle.background": "#A6ACCD05",
        "peekViewResult.background": "#A6ACCD05",
        "peekViewEditorGutter.background": "#A6ACCD05",
        "peekViewTitleDescription.foreground": "#A6ACCD60",
        "peekViewResult.matchHighlightBackground": "#717CB450",
        "peekViewEditor.matchHighlightBackground": "#717CB450",
        "gitDecoration.deletedResourceForeground": "#FF537090",
        "gitDecoration.conflictingResourceForeground": "#FFCB6B90",
        "gitDecoration.modifiedResourceForeground": "#82AAFF90",
        "gitDecoration.untrackedResourceForeground": "#C3E88D90",
        "gitDecoration.ignoredResourceForeground": "#757CA190",
        "peekViewResult.selectionBackground": "#757CA170",
        "breadcrumb.background": "#313744",
        "breadcrumb.foreground": "#757CA1",
        "breadcrumb.focusForeground": "#A6ACCD",
        "breadcrumb.activeSelectionForeground": "#80CBC4",
        "breadcrumbPicker.background": "#2B303B",
        "menu.background": "#313744",
        "menu.foreground": "#A6ACCD",
        "menu.selectionBackground": "#00000050",
        "menu.selectionForeground": "#80CBC4",
        "menu.selectionBorder": "#00000030",
        "menu.separatorBackground": "#A6ACCD",
        "menubar.selectionBackground": "#00000030",
        "menubar.selectionForeground": "#80CBC4",
        "menubar.selectionBorder": "#00000030",
        "settings.dropdownForeground": "#A6ACCD",
        "settings.dropdownBackground": "#2B303B",
        "settings.numberInputForeground": "#A6ACCD",
        "settings.numberInputBackground": "#2B303B",
        "settings.textInputForeground": "#A6ACCD",
        "settings.textInputBackground": "#2B303B",
        "settings.headerForeground": "#80CBC4",
        "settings.modifiedItemIndicator": "#80CBC4",
        "settings.checkboxBackground": "#2B303B",
        "settings.checkboxForeground": "#A6ACCD",
        "listFilterWidget.background": "#00000030",
        "listFilterWidget.outline": "#00000030",
        "listFilterWidget.noMatchesOutline": "#00000030",
        "debugConsole.infoForeground": "#000000",
        "debugConsole.warningForeground": "#FFAD33",
        "debugConsole.errorForeground": "#FF4000",
        "tree.indentGuidesStroke": "#4E5579"
    }
}
